name,league,rank,prev_rank,off,def,spi
Bayern Munich,German Bundesliga,1,1,3.3,0.5,91.5
Real Madrid,Spanish Primera Division,2,2,3.5,0.7,91.0
Manchester City,Barclays Premier League,3,4,2.9,0.5,90.0
Barcelona,Spanish Primera Division,4,3,3.3,0.7,89.6
Liverpool,Barclays Premier League,5,6,2.9,0.6,88.1
Paris Saint-Germain,French Ligue 1,6,5,2.9,0.7,86.1
Juventus,Italy Serie A,7,7,2.4,0.4,85.5
Atletico Madrid,Spanish Primera Division,8,9,2.1,0.4,82.7
Tottenham Hotspur,Barclays Premier League,9,8,2.5,0.7,82.5
Napoli,Italy Serie A,10,13,2.3,0.6,81.1
AS Roma,Italy Serie A,11,11,2.4,0.6,80.8
Arsenal,Barclays Premier League,12,10,2.8,0.9,80.5
Lazio,Italy Serie A,13,14,2.5,0.8,78.7
Chelsea,Barclays Premier League,14,12,2.3,0.7,78.5
Borussia Dortmund,German Bundesliga,15,17,2.4,0.8,78.0
Atalanta,Italy Serie A,16,20,2.2,0.7,77.8
FC Porto,Portuguese Liga,17,19,2.2,0.7,77.8
Manchester United,Barclays Premier League,18,15,2.1,0.6,77.6
Internazionale,Italy Serie A,19,16,2.2,0.7,77.4
Bayer Leverkusen,German Bundesliga,20,22,2.3,0.8,76.9
Lyon,French Ligue 1,21,18,2.2,0.8,76.7
Valencia,Spanish Primera Division,22,25,2.0,0.6,76.5
Real Sociedad,Spanish Primera Division,23,21,2.3,0.8,76.4
FC Salzburg,Austrian T-Mobile Bundesliga,24,29,2.3,0.8,76.3
TSG Hoffenheim,German Bundesliga,25,26,2.4,0.9,76.1
CSKA Moscow,Russian Premier Liga,26,23,2.0,0.7,75.4
Schalke 04,German Bundesliga,27,28,2.0,0.7,75.3
Marseille,French Ligue 1,28,24,2.2,0.8,75.2
Sevilla FC,Spanish Primera Division,29,32,2.2,0.8,74.8
Benfica,Portuguese Liga,30,27,2.0,0.7,74.6
Shakhtar Donetsk,UEFA Champions League,31,30,2.2,0.8,73.6
Eibar,Spanish Primera Division,32,31,1.7,0.6,72.8
RB Leipzig,German Bundesliga,33,40,2.3,1.0,72.2
Fenerbahce,Turkish Turkcell Super Lig,34,48,2.2,0.9,72.0
Real Betis,Spanish Primera Division,35,34,1.9,0.7,72.0
Getafe,Spanish Primera Division,36,35,1.7,0.6,71.9
Villarreal,Spanish Primera Division,37,36,2.1,0.9,71.8
Espanyol,Spanish Primera Division,38,45,1.7,0.7,71.0
Fiorentina,Italy Serie A,39,33,1.9,0.8,70.7
Athletic Bilbao,Spanish Primera Division,40,38,1.9,0.8,70.2
Eintracht Frankfurt,German Bundesliga,41,37,1.9,0.8,70.2
AS Monaco,French Ligue 1,42,43,2.1,0.9,70.1
VfB Stuttgart,German Bundesliga,43,63,1.8,0.8,70.0
Werder Bremen,German Bundesliga,44,51,1.9,0.8,69.7
Galatasaray,Turkish Turkcell Super Lig,45,47,2.1,1.0,69.7
Besiktas,Turkish Turkcell Super Lig,46,41,2.0,0.9,69.6
AC Milan,Italy Serie A,47,44,1.8,0.8,69.4
Borussia Monchengladbach,German Bundesliga,48,39,2.1,1.0,69.2
Alavés,Spanish Primera Division,49,50,1.8,0.8,68.9
Zenit St Petersburg,Russian Premier Liga,50,67,1.7,0.7,68.4
FC Krasnodar,Russian Premier Liga,51,49,1.8,0.8,68.1
Ajax,Dutch Eredivisie,52,54,2.3,1.2,68.0
Spartak Moscow,Russian Premier Liga,53,42,1.9,0.9,67.8
Celta Vigo,Spanish Primera Division,54,46,2.0,1.0,67.7
Basel,Swiss Raiffeisen Super League,55,53,2.1,1.1,67.4
Dynamo Kiev,UEFA Europa League,56,56,1.9,0.9,67.3
Crystal Palace,Barclays Premier League,57,62,1.9,0.9,67.2
Sporting CP,Portuguese Liga,58,52,1.8,0.9,66.8
Levante,Spanish Primera Division,59,69,1.9,1.0,66.7
Girona FC,Spanish Primera Division,60,57,1.9,0.9,66.6
Braga,Portuguese Liga,61,58,1.9,0.9,66.3
Leganes,Spanish Primera Division,62,64,1.6,0.7,66.0
PSV,Dutch Eredivisie,63,65,2.4,1.4,65.3
FC Augsburg,German Bundesliga,64,59,1.8,0.9,65.1
Torino,Italy Serie A,65,68,1.7,0.9,65.0
Lokomotiv Moscow,Russian Premier Liga,66,55,1.5,0.7,64.7
Hertha Berlin,German Bundesliga,67,60,1.8,0.9,64.3
Leicester City,Barclays Premier League,68,84,1.9,1.0,64.3
Mainz,German Bundesliga,69,66,1.7,0.9,63.9
Young Boys,Swiss Raiffeisen Super League,70,61,2.1,1.3,63.7
Nice,French Ligue 1,71,75,1.7,0.9,63.7
Bordeaux,French Ligue 1,72,74,1.7,0.9,63.5
Stade Rennes,French Ligue 1,73,79,1.6,0.8,63.3
Istanbul Basaksehir,Turkish Turkcell Super Lig,74,76,1.7,0.9,63.1
Hannover 96,German Bundesliga,75,71,1.9,1.1,63.1
Feyenoord,Dutch Eredivisie,76,73,2.2,1.4,62.8
Deportivo La Coruña,Spanish Primera Division,77,70,1.8,1.0,62.5
Newcastle,Barclays Premier League,78,101,1.6,0.9,62.0
Hamburg SV,German Bundesliga,79,80,1.7,1.0,61.9
AZ,Dutch Eredivisie,80,77,2.1,1.4,61.5
Boca Juniors,Argentina Primera Division,81,72,1.7,1.0,61.4
Olympiacos,UEFA Champions League,82,87,1.6,1.0,60.4
Southampton,Barclays Premier League,83,85,1.6,0.9,60.3
Rubin Kazan,Russian Premier Liga,84,96,1.3,0.7,60.2
Everton,Barclays Premier League,85,78,1.7,1.0,60.0
FC Ufa,Russian Premier Liga,86,115,1.3,0.7,60.0
Anderlecht,UEFA Champions League,87,91,1.7,1.1,59.8
Viktoria Plzen,UEFA Europa League,88,92,1.8,1.1,59.8
Montpellier,French Ligue 1,89,82,1.4,0.8,59.8
Genoa,Italy Serie A,90,81,1.5,0.9,59.6
St Etienne,French Ligue 1,91,90,1.6,1.0,59.5
SC Freiburg,German Bundesliga,92,102,1.6,1.0,59.5
Reims,French Ligue 2,93,86,1.5,0.9,59.5
Sampdoria,Italy Serie A,94,88,1.7,1.1,59.2
River Plate,Argentina Primera Division,95,111,1.6,1.0,59.1
VfL Wolfsburg,German Bundesliga,96,105,1.6,1.0,58.8
Watford,Barclays Premier League,97,104,1.6,1.0,58.7
Burnley,Barclays Premier League,98,93,1.5,0.9,58.6
Málaga,Spanish Primera Division,99,83,1.5,1.0,58.3
Palmeiras,Brasileiro Série A,100,99,1.5,1.0,58.2
Flamengo,Brasileiro Série A,101,97,1.5,1.0,58.1
Nantes,French Ligue 1,102,119,1.4,0.9,58.0
Sassuolo,Italy Serie A,103,113,1.5,1.0,58.0
Rapid Vienna,Austrian T-Mobile Bundesliga,104,89,1.9,1.3,57.9
Red Star Belgrade,UEFA Europa League,105,103,1.9,1.3,57.9
FC Cologne,German Bundesliga,106,98,1.9,1.4,57.8
Slavia Prague,UEFA Europa League,107,106,1.6,1.0,57.7
AFC Bournemouth,Barclays Premier League,108,114,1.8,1.2,57.3
Angers,French Ligue 1,109,95,1.4,0.9,57.3
Guingamp,French Ligue 1,110,118,1.7,1.1,57.3
West Ham United,Barclays Premier League,111,117,1.7,1.2,57.1
Grêmio,Brasileiro Série A,112,108,1.4,1.0,56.9
Godoy Cruz,Argentina Primera Division,113,112,1.4,1.0,56.7
Racing Club,Argentina Primera Division,114,110,1.6,1.1,56.4
AIK,Swedish Allsvenskan,115,109,1.4,1.0,56.0
Udinese,Italy Serie A,116,125,1.5,1.1,55.7
Sporting Gijón,Spanish Segunda Division,117,94,1.5,1.1,55.4
Dinamo Moscow,Russian Premier Liga,118,131,1.3,0.9,55.3
FC Copenhagen,UEFA Europa League,119,122,1.5,1.1,55.3
Terek Grozny,Russian Premier Liga,120,124,1.3,0.9,55.3
Atletico Mineiro,Brasileiro Série A,121,128,1.6,1.2,55.2
Rayo Vallecano,Spanish Segunda Division,122,107,1.6,1.2,54.9
Dijon FCO,French Ligue 1,123,121,1.7,1.2,54.8
West Bromwich Albion,Barclays Premier League,124,116,1.4,1.0,54.7
Rostov,Russian Premier Liga,125,130,1.2,0.8,54.5
Corinthians,Brasileiro Série A,126,129,1.3,1.0,54.4
Brighton and Hove Albion,Barclays Premier League,127,123,1.4,1.0,54.4
SK Sturm Graz,Austrian T-Mobile Bundesliga,128,135,1.9,1.5,54.3
Toulouse,French Ligue 1,129,126,1.4,1.0,54.2
Rosenborg,Norwegian Tippeligaen,130,127,1.4,1.0,54.1
Bologna,Italy Serie A,131,120,1.4,1.0,53.9
Celtic,Scottish Premiership,132,100,1.5,1.2,53.9
Empoli,Italy Serie B,133,137,1.7,1.3,53.9
Las Palmas,Spanish Primera Division,134,133,1.5,1.1,53.7
AEK Athens,UEFA Europa League,135,132,1.3,0.9,53.3
Lille,French Ligue 1,136,138,1.5,1.2,52.8
Fulham,English League Championship,137,144,1.4,1.1,52.8
Monterrey,Mexican Primera Division Torneo Apertura,138,134,1.6,1.2,52.8
Defensa y Justicia,Argentina Primera Division,139,136,1.3,1.0,52.7
Cruzeiro,Brasileiro Série A,140,140,1.3,1.0,52.6
Chievo Verona,Italy Serie A,141,152,1.4,1.1,52.5
Crotone,Italy Serie A,142,139,1.5,1.2,52.5
Cadiz,Spanish Segunda Division,143,166,1.0,0.7,52.2
São Paulo,Brasileiro Série A,144,149,1.4,1.1,52.2
Apoel Nicosia,UEFA Champions League,145,141,1.5,1.2,52.1
FK Partizan Belgrade,UEFA Europa League,146,143,1.7,1.4,52.1
Stoke City,Barclays Premier League,147,145,1.4,1.2,52.0
Rijeka,UEFA Europa League,148,148,1.4,1.1,51.7
Strasbourg,French Ligue 1,149,165,1.5,1.2,51.6
Nimes,French Ligue 2,150,160,1.5,1.2,51.5
FC Astana,UEFA Europa League,151,150,1.6,1.3,51.3
Wolverhampton,English League Championship,152,151,1.3,1.1,51.3
CA Independiente,Argentina Primera Division,153,146,1.2,0.9,51.2
Trabzonspor,Turkish Turkcell Super Lig,154,174,1.7,1.4,51.2
Ural Sverdlovsk Oblast,Russian Premier Liga,155,142,1.2,1.0,51.2
Cagliari,Italy Serie A,156,182,1.4,1.2,50.8
FC Arsenal Tula,Russian Premier Liga,157,190,1.5,1.3,50.7
Vitesse,Dutch Eredivisie,158,154,1.8,1.6,50.6
Tigres UANL,Mexican Primera Division Torneo Apertura,159,155,1.3,1.1,50.6
Internacional,Brasileiro Série A,160,158,1.2,1.0,50.4
Steaua Bucuresti,UEFA Europa League,161,157,1.3,1.1,50.4
Ludogorets,UEFA Europa League,162,159,1.4,1.2,50.3
SD Huesca,Spanish Segunda Division,163,147,1.4,1.2,50.2
Aston Villa,English League Championship,164,163,1.3,1.1,50.2
Talleres de Córdoba,Argentina Primera Division,165,153,1.2,1.0,50.1
Toluca,Mexican Primera Division Torneo Apertura,166,197,1.4,1.2,50.1
Osasuna,Spanish Segunda Division,167,168,1.1,0.9,50.0
Spal,Italy Serie A,168,162,1.3,1.1,50.0
Union Santa Fe,Argentina Primera Division,169,171,1.2,1.0,49.8
Velez Sarsfield,Argentina Primera Division,170,177,1.3,1.1,49.6
Amiens,French Ligue 1,171,170,1.2,1.0,49.5
Santos Laguna,Mexican Primera Division Torneo Apertura,172,185,1.5,1.4,49.5
Vasco da Gama,Brasileiro Série A,173,167,1.3,1.2,49.4
Kasimpasa,Turkish Turkcell Super Lig,174,186,1.7,1.5,49.2
Huddersfield Town,Barclays Premier League,175,178,1.2,1.0,49.2
Swansea City,Barclays Premier League,176,172,1.3,1.1,49.2
FC Zurich,Swiss Raiffeisen Super League,177,255,1.5,1.3,48.7
Club América,Mexican Primera Division Torneo Apertura,178,173,1.3,1.2,48.5
Colon Santa Fe,Argentina Primera Division,179,188,1.1,1.0,48.4
Atlético Paranaense,Brasileiro Série A,180,169,1.3,1.2,48.3
Hapoel Be'er,UEFA Europa League,181,180,1.4,1.2,48.3
Cardiff City,English League Championship,182,181,1.3,1.2,48.3
BK Hacken,Swedish Allsvenskan,183,227,1.4,1.3,48.2
San Lorenzo,Argentina Primera Division,184,175,1.1,1.0,48.2
Cruz Azul,Mexican Primera Division Torneo Apertura,185,184,1.3,1.2,48.1
Malmo FF,Swedish Allsvenskan,186,164,1.5,1.4,48.0
Santos,Brasileiro Série A,187,193,1.3,1.2,48.0
Numancia,Spanish Segunda Division,188,156,1.1,1.0,48.0
Holstein Kiel,German 2. Bundesliga,189,203,1.5,1.4,47.8
Troyes,French Ligue 1,190,202,1.2,1.1,47.7
Caen,French Ligue 1,191,176,1.2,1.1,47.7
Real Zaragoza,Spanish Segunda Division,192,161,1.3,1.2,47.6
Huracán,Argentina Primera Division,193,206,1.3,1.2,47.5
Fluminense,Brasileiro Série A,194,204,1.3,1.2,47.4
Amkar Perm,Russian Premier Liga,195,189,1.0,0.9,47.3
FC Luzern,Swiss Raiffeisen Super League,196,192,1.4,1.3,47.3
SK Brann,Norwegian Tippeligaen,197,198,1.3,1.3,47.0
Maccabi Tel-Aviv,UEFA Europa League,198,199,1.3,1.2,46.9
Belgrano Cordoba,Argentina Primera Division,199,187,1.2,1.1,46.9
1. FC Nürnberg,German 2. Bundesliga,200,179,1.4,1.3,46.8
Brentford,English League Championship,201,200,1.3,1.3,46.8
Argentinos Juniors,Argentina Primera Division,202,201,1.1,1.1,46.7
Benevento,Italy Serie A,203,213,1.5,1.4,46.7
Estudiantes,Argentina Primera Division,204,183,1.0,1.0,46.7
Real Valladolid,Spanish Segunda Division,205,196,1.4,1.3,46.6
Konyaspor,Turkish Turkcell Super Lig,206,195,1.1,1.0,46.4
Vítoria,Brasileiro Série A,207,211,1.4,1.4,46.2
Alanyaspor,Turkish Turkcell Super Lig,208,208,1.6,1.6,46.2
Metz,French Ligue 1,209,205,1.4,1.4,45.9
Le Havre,French Ligue 2,210,219,1.1,1.1,45.6
Tijuana,Mexican Primera Division Torneo Apertura,211,191,1.2,1.2,45.4
Bahía,Brasileiro Série A,212,210,1.2,1.2,45.4
FC Ingolstadt 04,German 2. Bundesliga,213,194,1.4,1.4,45.3
FC Sion,Swiss Raiffeisen Super League,214,245,1.4,1.5,45.3
Banfield,Argentina Primera Division,215,215,1.0,1.0,44.9
Parma,Italy Serie B,216,223,1.1,1.1,44.9
Chapecoense AF,Brasileiro Série A,217,231,1.2,1.2,44.9
Middlesbrough,English League Championship,218,217,1.2,1.2,44.8
Necaxa,Mexican Primera Division Torneo Apertura,219,218,1.2,1.2,44.8
Rio Ave,Portuguese Liga,220,224,1.1,1.1,44.8
Guimaraes,Portuguese Liga,221,216,1.3,1.3,44.6
LASK Linz,Austrian T-Mobile Bundesliga,222,207,1.2,1.2,44.6
Atlanta United FC,Major League Soccer,223,209,1.4,1.4,44.6
Botafogo,Brasileiro Série A,224,214,1.2,1.2,44.5
Rangers,Scottish Premiership,225,244,1.7,1.8,44.4
FC Zorya Luhansk,UEFA Europa League,226,221,1.2,1.2,44.4
SV Zulte Waregem,UEFA Europa League,227,225,1.5,1.6,44.1
1. FC Union Berlin,German 2. Bundesliga,228,230,1.3,1.4,44.1
Tigre,Argentina Primera Division,229,220,1.2,1.2,44.0
FC Utrecht,Dutch Eredivisie,230,226,1.6,1.7,43.9
Reus Deportiu,Spanish Segunda Division,231,222,0.8,0.8,43.9
Chaves,Portuguese Liga,232,241,1.4,1.5,43.5
Tenerife,Spanish Segunda Division,233,240,1.3,1.4,43.4
Portimonense,Portuguese Liga,234,248,1.5,1.6,43.4
Millwall,English League Championship,235,233,1.2,1.3,43.3
Coritiba,Brasileiro Série A,236,234,1.2,1.3,43.2
Sivasspor,Turkish Turkcell Super Lig,237,232,1.3,1.4,43.1
Östersunds FK,Swedish Allsvenskan,238,258,1.2,1.3,43.1
Arminia Bielefeld,German 2. Bundesliga,239,246,1.3,1.4,43.0
New York Red Bulls,Major League Soccer,240,249,1.4,1.6,43.0
Sport Recife,Brasileiro Série A,241,228,1.2,1.3,43.0
Ankaraspor,Turkish Turkcell Super Lig,242,253,1.4,1.5,42.9
Djurgardens IF,Swedish Allsvenskan,243,238,1.2,1.3,42.7
Hammarby,Swedish Allsvenskan,244,259,1.5,1.7,42.7
Atlético Tucumán,Argentina Primera Division,245,229,1.1,1.2,42.7
Akhisar Belediye,Turkish Turkcell Super Lig,246,260,1.3,1.4,42.7
Anzhi Makhachkala,Russian Premier Liga,247,262,1.3,1.4,42.5
IFK Norrkoping,Swedish Allsvenskan,248,275,1.3,1.5,42.5
Real Oviedo,Spanish Segunda Division,249,237,1.2,1.3,42.5
Brest,French Ligue 2,250,242,1.2,1.3,42.5
BATE Borisov,UEFA Europa League,251,250,1.3,1.4,42.3
Clermont Foot,French Ligue 2,252,236,1.2,1.3,42.2
Pachuca,Mexican Primera Division Torneo Apertura,253,251,1.3,1.5,42.2
Palermo,Italy Serie B,254,243,1.1,1.2,42.2
SV Darmstadt 98,German 2. Bundesliga,255,247,1.2,1.4,42.2
Preston North End,English League Championship,256,252,1.1,1.3,42.1
FC Groningen,Dutch Eredivisie,257,254,1.3,1.5,42.0
Sheffield United,English League Championship,258,257,1.2,1.3,41.8
Boavista,Portuguese Liga,259,266,1.0,1.2,41.7
Newell's Old Boys,Argentina Primera Division,260,235,1.0,1.1,41.7
Frosinone,Italy Serie B,261,270,1.1,1.2,41.6
Almeria,Spanish Segunda Division,262,283,1.0,1.1,41.4
Goztepe,Turkish Turkcell Super Lig,263,269,1.2,1.4,41.3
NK Maribor,UEFA Champions League,264,263,1.4,1.7,41.2
Belenenses,Portuguese Liga,265,256,1.1,1.3,40.9
Lanus,Argentina Primera Division,266,273,1.0,1.1,40.9
Sporting Kansas City,Major League Soccer,267,290,1.2,1.5,40.9
Hibernian,Scottish Premiership,268,274,1.4,1.7,40.7
Atlético Goianiense,Brasileiro Série A,269,267,1.1,1.3,40.6
Gimnasia La Plata,Argentina Primera Division,270,307,1.1,1.3,40.6
Toronto FC,Major League Soccer,271,264,1.4,1.6,40.6
FC Trenkwalder Admira,Austrian T-Mobile Bundesliga,272,265,1.6,1.9,40.5
Fortuna Düsseldorf,German 2. Bundesliga,273,286,1.3,1.6,40.5
Zlín,UEFA Europa League,274,271,1.1,1.3,40.3
FK Qarabag,UEFA Champions League,275,272,1.2,1.4,40.3
Aberdeen,Scottish Premiership,276,301,1.1,1.3,40.2
AC Ajaccio,French Ligue 2,277,261,1.2,1.4,40.2
SV Mattersburg,Austrian T-Mobile Bundesliga,278,278,1.4,1.6,40.1
Hull City,English League Championship,279,276,1.3,1.6,40.0
San Martin San Juan,Argentina Primera Division,280,314,1.1,1.3,40.0
Derby County,English League Championship,281,268,1.2,1.5,39.9
Morelia,Mexican Primera Division Torneo Apertura,282,279,1.3,1.5,39.8
Thun,Swiss Raiffeisen Super League,283,288,1.4,1.7,39.8
Cordoba,Spanish Segunda Division,284,313,1.3,1.6,39.8
Rosario Central,Argentina Primera Division,285,284,1.2,1.4,39.5
Lorient,French Ligue 2,286,239,1.2,1.5,39.2
Estoril Praia,Portuguese Liga,287,297,1.1,1.3,39.2
Tondela,Portuguese Liga,288,281,1.2,1.5,39.1
MSV Duisburg,German 2. Bundesliga,289,304,1.3,1.6,38.9
Ponte Preta,Brasileiro Série A,290,293,1.1,1.3,38.9
FC Sheriff Tiraspol,UEFA Europa League,291,294,1.1,1.4,38.9
Puebla,Mexican Primera Division Torneo Apertura,292,295,1.2,1.5,38.8
New York City FC,Major League Soccer,293,303,1.3,1.6,38.8
Yeni Malatyaspor,Turkish Turkcell Super Lig,294,282,0.9,1.2,38.6
F.B.C Unione Venezia,Italy Serie B,295,212,1.2,1.5,38.6
Avaí,Brasileiro Série A,296,299,1.1,1.4,38.5
Feirense,Portuguese Liga,297,285,1.0,1.3,38.4
León,Mexican Primera Division Torneo Apertura,298,302,1.3,1.7,38.3
VfL Bochum,German 2. Bundesliga,299,298,1.1,1.5,38.3
Maritimo,Portuguese Liga,300,330,1.1,1.4,38.3
Albacete,Spanish Segunda Division,301,300,0.9,1.2,38.2
Willem II,Dutch Eredivisie,302,305,1.4,1.8,38.2
Bursaspor,Turkish Turkcell Super Lig,303,277,1.1,1.4,38.1
Heerenveen,Dutch Eredivisie,304,310,1.3,1.7,37.7
Atlas,Mexican Primera Division Torneo Apertura,305,311,1.1,1.4,37.7
Paraná,Brasileiro Série A,306,306,1.1,1.5,37.6
Granada,Spanish Segunda Division,307,280,1.1,1.5,37.6
Paris FC,French Ligue 2,308,331,0.9,1.2,37.5
Vitoria Setubal,Portuguese Liga,309,327,1.1,1.5,37.5
Ceará,Brasileiro Série A,310,318,1.1,1.4,37.4
Grasshoppers Zürich,Swiss Raiffeisen Super League,311,292,1.1,1.4,37.3
St Gallen,Swiss Raiffeisen Super League,312,308,1.5,2.0,37.3
Apollon Limassol,UEFA Europa League,313,319,1.1,1.4,37.2
Dynamo Dresden,German 2. Bundesliga,314,312,1.1,1.5,37.2
Jahn Regensburg,German 2. Bundesliga,315,326,1.3,1.7,37.2
Bari,Italy Serie B,316,309,1.0,1.3,37.2
Guadalajara,Mexican Primera Division Torneo Apertura,317,320,1.1,1.4,37.2
Antalyaspor,Turkish Turkcell Super Lig,318,289,1.1,1.5,37.2
América Mineiro,Brasileiro Série A,319,321,1.1,1.4,37.1
Stromsgodset,Norwegian Tippeligaen,320,296,1.3,1.7,37.0
AD Alcorcon,Spanish Segunda Division,321,341,0.8,1.1,37.0
Bristol City,English League Championship,322,325,1.2,1.6,36.9
Cittadella,Italy Serie B,323,322,1.1,1.5,36.9
Desportivo Aves,Portuguese Liga,324,315,1.1,1.4,36.9
Portland Timbers,Major League Soccer,325,333,1.2,1.6,36.6
Perugia,Italy Serie B,326,316,1.2,1.6,36.5
Molde,Norwegian Tippeligaen,327,287,1.2,1.6,36.5
FC St. Pauli,German 2. Bundesliga,328,324,1.1,1.5,36.4
Verona,Italy Serie A,329,323,1.1,1.5,36.3
FC Lugano,Swiss Raiffeisen Super League,330,353,1.1,1.5,36.3
IFK Goteborg,Swedish Allsvenskan,331,291,1.2,1.6,36.3
ADO Den Haag,Dutch Eredivisie,332,334,1.3,1.8,36.2
Cultural Leonesa,Spanish Segunda Division,333,329,1.2,1.6,36.1
Cesena,Italy Serie B,334,342,1.0,1.4,36.1
Seattle Sounders FC,Major League Soccer,335,332,1.0,1.4,36.0
Patronato,Argentina Primera Division,336,337,0.9,1.3,36.0
1. FC Heidenheim 1846,German 2. Bundesliga,337,338,1.2,1.6,36.0
Pacos Ferreira,Portuguese Liga,338,328,1.0,1.4,36.0
Sarpsborg,Norwegian Tippeligaen,339,360,1.2,1.7,36.0
Los Angeles FC,Major League Soccer,340,340,1.3,1.7,35.9
FK Austria Vienna,Austrian T-Mobile Bundesliga,341,317,1.2,1.7,35.8
SV Sandhausen,German 2. Bundesliga,342,336,0.9,1.3,35.8
Foggia,Italy Serie B,343,350,1.2,1.6,35.7
Lobos de la BUAP,Mexican Primera Division Torneo Apertura,344,339,1.2,1.6,35.7
Columbus Crew,Major League Soccer,345,363,1.0,1.5,35.5
Pumas Unam,Mexican Primera Division Torneo Apertura,346,345,1.2,1.7,35.4
Vardar,UEFA Europa League,347,346,1.2,1.7,35.4
Sheffield Wednesday,English League Championship,348,349,1.2,1.6,35.2
Lugo,Spanish Segunda Division,349,357,0.9,1.3,35.0
Birmingham,English League Championship,350,352,1.1,1.6,35.0
Moreirense,Portuguese Liga,351,358,0.9,1.4,34.7
Queens Park Rangers,English League Championship,352,355,1.2,1.7,34.6
Eintracht Braunschweig,German 2. Bundesliga,353,335,1.0,1.5,34.5
Genclerbirligi,Turkish Turkcell Super Lig,354,344,1.0,1.5,34.5
Norwich City,English League Championship,355,356,1.1,1.6,34.5
Temperley,Argentina Primera Division,356,369,1.0,1.5,34.4
FC Barcelona II,Spanish Segunda Division,357,385,1.1,1.7,34.3
Querétaro,Mexican Primera Division Torneo Apertura,358,362,0.9,1.4,34.2
Spezia,Italy Serie B,359,347,0.9,1.3,34.2
Orebro SK,Swedish Allsvenskan,360,348,1.2,1.8,34.1
Arsenal Sarandi,Argentina Primera Division,361,343,0.9,1.4,34.1
1. FC Kaiserslautern,German 2. Bundesliga,362,375,1.2,1.7,34.0
Gimnástic Tarragona,Spanish Segunda Division,363,351,0.8,1.3,33.9
Skenderbeu Korce,UEFA Europa League,364,365,1.1,1.6,33.8
SpVgg Greuther Fürth,German 2. Bundesliga,365,366,1.0,1.5,33.8
NAC,Dutch Eredivisie,366,367,1.1,1.7,33.8
Kalmar FF,Swedish Allsvenskan,367,368,1.0,1.4,33.8
Kayserispor,Turkish Turkcell Super Lig,368,354,1.1,1.7,33.7
Valerenga,Norwegian Tippeligaen,369,372,1.2,1.8,33.4
Chateauroux,French Ligue 2,370,373,0.9,1.5,33.0
Heracles,Dutch Eredivisie,371,377,1.3,2.0,32.3
Houston Dynamo,Major League Soccer,372,370,1.2,1.9,32.3
Haugesund,Norwegian Tippeligaen,373,384,1.1,1.7,32.2
Leeds United,English League Championship,374,379,1.0,1.6,32.2
Chacarita Juniors,Argentina Primera Division,375,359,1.0,1.6,31.8
Nottingham Forest,English League Championship,376,380,1.0,1.6,31.8
Lens,French Ligue 2,377,386,1.0,1.6,31.7
FC Dallas,Major League Soccer,378,376,1.1,1.7,31.4
Roda JC,Dutch Eredivisie,379,383,1.3,2.0,31.4
Auxerre,French Ligue 2,380,381,1.1,1.8,31.1
Los Angeles Galaxy,Major League Soccer,381,396,1.1,1.8,30.9
Erzgebirge Aue,German 2. Bundesliga,382,391,0.9,1.6,30.9
Veracruz,Mexican Primera Division Torneo Apertura,383,388,0.9,1.5,30.8
New England Revolution,Major League Soccer,384,394,1.1,1.9,30.8
Ipswich Town,English League Championship,385,389,0.9,1.6,30.7
Cremonese,Italy Serie B,386,432,0.9,1.5,30.7
Tromso,Norwegian Tippeligaen,387,374,1.2,1.9,30.7
Ranheim,Norwegian Tippeligaen,388,403,1.1,1.9,30.6
IF Elfsborg,Swedish Allsvenskan,389,361,1.1,1.9,30.4
Chicago Fire,Major League Soccer,390,378,1.1,1.8,30.4
Kristiansund BK,Norwegian Tippeligaen,391,390,1.1,1.8,30.3
Kilmarnock,Scottish Premiership,392,397,0.9,1.6,30.2
Sunderland,English League Championship,393,393,1.1,1.9,30.1
Lausanne Sports,Swiss Raiffeisen Super League,394,364,1.0,1.7,30.1
Orlando City SC,Major League Soccer,395,387,1.1,1.9,30.0
Salernitana,Italy Serie B,396,392,0.9,1.6,29.9
GIF Sundsvall,Swedish Allsvenskan,397,408,1.0,1.8,29.6
Philadelphia Union,Major League Soccer,398,404,1.0,1.7,29.5
FC Tosno,Russian Premier Liga,399,371,1.0,1.7,29.1
Excelsior,Dutch Eredivisie,400,400,1.1,1.9,28.7
Barnsley,English League Championship,401,401,1.0,1.8,28.7
Niort,French Ligue 2,402,410,1.1,1.9,28.5
Olimpo,Argentina Primera Division,403,407,0.9,1.6,28.4
Odd BK,Norwegian Tippeligaen,404,395,0.9,1.7,28.3
Novara,Italy Serie B,405,412,0.8,1.5,28.1
Hearts,Scottish Premiership,406,409,0.7,1.5,27.9
La Hoya Lorca,Spanish Segunda Division,407,424,1.0,1.8,27.8
Sochaux,French Ligue 2,408,399,1.0,1.8,27.8
AS Nancy Lorraine,French Ligue 2,409,431,0.8,1.6,27.7
Cashpoint SC Rheindorf Altach,Austrian T-Mobile Bundesliga,410,382,0.8,1.6,27.7
Lillestrom,Norwegian Tippeligaen,411,425,0.9,1.8,27.5
Ternana,Italy Serie B,412,405,1.2,2.1,27.4
US Pescara,Italy Serie B,413,402,0.9,1.7,27.2
Sogndal,Norwegian Tippeligaen,414,414,1.0,1.9,27.2
Halmstads BK,Swedish Allsvenskan,415,415,0.9,1.7,27.1
Carpi,Italy Serie B,416,418,0.6,1.2,26.8
Burton Albion,English League Championship,417,417,0.9,1.8,26.8
Valenciennes,French Ligue 2,418,420,1.1,2.0,26.8
Ascoli,Italy Serie B,419,430,0.8,1.6,26.7
Bolton,English League Championship,420,419,0.9,1.8,26.6
Brescia,Italy Serie B,421,406,0.8,1.7,26.6
Real Salt Lake,Major League Soccer,422,416,1.1,2.0,26.6
Aalesund,Norwegian Tippeligaen,423,421,1.1,2.1,26.3
Orléans,French Ligue 2,424,398,1.0,2.0,26.2
FC Twente,Dutch Eredivisie,425,423,1.0,1.9,26.1
Jonkopings Sodra IF,Swedish Allsvenskan,426,426,0.8,1.6,25.8
DC United,Major League Soccer,427,429,1.0,1.9,25.8
Montreal Impact,Major League Soccer,428,411,1.0,2.0,25.7
US Quevilly,French Ligue 2,429,444,1.0,2.0,25.7
PEC Zwolle,Dutch Eredivisie,430,427,1.0,2.0,25.6
Virtus Entella,Italy Serie B,431,422,0.6,1.5,25.3
Avellino,Italy Serie B,432,435,0.7,1.6,25.0
Stabaek,Norwegian Tippeligaen,433,428,1.0,2.0,24.5
IK Sirius,Swedish Allsvenskan,434,433,1.0,2.0,24.5
Sevilla Atletico,Spanish Segunda Division,435,440,0.7,1.7,24.4
Vancouver Whitecaps,Major League Soccer,436,437,0.8,1.8,24.4
San Jose Earthquakes,Major League Soccer,437,443,1.0,2.0,24.4
Reading,English League Championship,438,434,0.9,1.9,24.2
Energiya Khabarovsk,Russian Premier Liga,439,413,0.8,1.7,24.0
Bodo/Glimt,Norwegian Tippeligaen,440,450,0.8,1.8,23.8
Wolfsberger AC,Austrian T-Mobile Bundesliga,441,445,0.8,1.8,23.8
Colorado Rapids,Major League Soccer,442,436,0.8,1.8,23.2
Dalkurd FF,Swedish Allsvenskan,443,438,0.9,2.0,23.1
Pro Vercelli,Italy Serie B,444,449,0.9,2.0,22.9
St Johnstone,Scottish Premiership,445,439,0.8,1.8,22.6
VVV Venlo,Dutch Eredivisie,446,446,0.8,1.9,22.4
Viking FK,Norwegian Tippeligaen,447,448,0.9,2.1,22.1
Tours,French Ligue 2,448,442,0.9,2.1,22.1
GFC Ajaccio,French Ligue 2,449,447,0.8,2.0,21.4
Minnesota United FC,Major League Soccer,450,441,0.9,2.1,21.0
Trelleborgs FF,Swedish Allsvenskan,451,453,0.7,1.9,20.9
Vasby United,Swedish Allsvenskan,452,452,0.7,2.0,20.0
Sparta,Dutch Eredivisie,453,454,1.0,2.5,19.7
Motherwell,Scottish Premiership,454,457,0.6,1.8,19.4
St. Pölten,Austrian T-Mobile Bundesliga,455,459,0.8,2.1,19.4
Sandefjord,Norwegian Tippeligaen,456,451,0.8,2.1,19.0
Ross County,Scottish Premiership,457,456,0.7,2.0,17.8
Bourg-Peronnas,French Ligue 2,458,458,1.0,2.6,17.8
Hamilton Academical,Scottish Premiership,459,455,0.7,2.2,15.7
Brommapojkarna,Swedish Allsvenskan,460,460,0.6,2.2,14.3
Dundee,Scottish Premiership,461,461,0.5,2.0,13.9
IK Start,Norwegian Tippeligaen,462,463,0.5,2.3,11.8
Karabükspor,Turkish Turkcell Super Lig,463,462,0.6,2.5,11.4
Partick Thistle,Scottish Premiership,464,464,0.3,2.0,11.2
